ticker,open_time,close_time,result
KXBTC15M-26JUN232315-15,2026-06-24T03:00:00Z,2026-06-24T03:15:00Z,no
KXBTC15M-26JUN291600-00,2026-06-29T19:45:00Z,2026-06-29T20:00:00Z,no
KXBTC15M-26JUN230115-15,2026-06-23T05:00:00Z,2026-06-23T05:15:00Z,no
KXBTC15M-26JUN301330-30,2026-06-30T17:15:00Z,2026-06-30T17:30:00Z,no
KXBTC15M-26JUN291200-00,2026-06-29T15:45:00Z,2026-06-29T16:00:00Z,yes
KXBTC15M-26JUN230145-45,2026-06-23T05:30:00Z,2026-06-23T05:45:00Z,no
KXBTC15M-26JUN281115-15,2026-06-28T15:00:00Z,2026-06-28T15:15:00Z,yes
KXBTC15M-26JUN291345-45,2026-06-29T17:30:00Z,2026-06-29T17:45:00Z,yes
KXBTC15M-26JUN300945-45,2026-06-30T13:30:00Z,2026-06-30T13:45:00Z,yes
KXBTC15M-26JUN222300-00,2026-06-23T02:45:00Z,2026-06-23T03:00:00Z,no
KXBTC15M-26JUN261715-15,2026-06-26T21:00:00Z,2026-06-26T21:15:00Z,yes
KXBTC15M-26JUN261545-45,2026-06-26T19:30:00Z,2026-06-26T19:45:00Z,no
KXBTC15M-26JUN231045-45,2026-06-23T14:30:00Z,2026-06-23T14:45:00Z,no
KXBTC15M-26JUN282015-15,2026-06-29T00:00:00Z,2026-06-29T00:15:00Z,yes
KXBTC15M-26JUN232030-30,2026-06-24T00:15:00Z,2026-06-24T00:30:00Z,no
KXBTC15M-26JUN301030-30,2026-06-30T14:15:00Z,2026-06-30T14:30:00Z,yes
KXBTC15M-26JUN231730-30,2026-06-23T21:15:00Z,2026-06-23T21:30:00Z,yes
KXBTC15M-26JUN301515-15,2026-06-30T19:00:00Z,2026-06-30T19:15:00Z,no
KXBTC15M-26JUN291445-45,2026-06-29T18:30:00Z,2026-06-29T18:45:00Z,no
KXBTC15M-26JUN291330-30,2026-06-29T17:15:00Z,2026-06-29T17:30:00Z,yes
KXBTC15M-26JUN252230-30,2026-06-26T02:15:00Z,2026-06-26T02:30:00Z,yes
KXBTC15M-26JUN230300-00,2026-06-23T06:45:00Z,2026-06-23T07:00:00Z,no
KXBTC15M-26JUN260030-30,2026-06-26T04:15:00Z,2026-06-26T04:30:00Z,yes
KXBTC15M-26JUN230200-00,2026-06-23T05:45:00Z,2026-06-23T06:00:00Z,no
KXBTC15M-26JUN232115-15,2026-06-24T01:00:00Z,2026-06-24T01:15:00Z,no
KXBTC15M-26JUN231600-00,2026-06-23T19:45:00Z,2026-06-23T20:00:00Z,yes
KXBTC15M-26JUN301245-45,2026-06-30T16:30:00Z,2026-06-30T16:45:00Z,yes
KXBTC15M-26JUN282045-45,2026-06-29T00:30:00Z,2026-06-29T00:45:00Z,yes
KXBTC15M-26JUN270000-00,2026-06-27T03:45:00Z,2026-06-27T04:00:00Z,no
KXBTC15M-26JUN230130-30,2026-06-23T05:15:00Z,2026-06-23T05:30:00Z,no
KXBTC15M-26JUN251600-00,2026-06-25T19:45:00Z,2026-06-25T20:00:00Z,no
KXBTC15M-26JUN231415-15,2026-06-23T18:00:00Z,2026-06-23T18:15:00Z,yes
KXBTC15M-26JUN300915-15,2026-06-30T13:00:00Z,2026-06-30T13:15:00Z,yes
KXBTC15M-26JUN252115-15,2026-06-26T01:00:00Z,2026-06-26T01:15:00Z,no
KXBTC15M-26JUN301345-45,2026-06-30T17:30:00Z,2026-06-30T17:45:00Z,no
KXBTC15M-26JUN231100-00,2026-06-23T14:45:00Z,2026-06-23T15:00:00Z,no
KXBTC15M-26JUN292000-00,2026-06-29T23:45:00Z,2026-06-30T00:00:00Z,no
KXBTC15M-26JUN232330-30,2026-06-24T03:15:00Z,2026-06-24T03:30:00Z,yes
KXBTC15M-26JUN232245-45,2026-06-24T02:30:00Z,2026-06-24T02:45:00Z,no
KXBTC15M-26JUN262300-00,2026-06-27T02:45:00Z,2026-06-27T03:00:00Z,yes
KXBTC15M-26JUN281900-00,2026-06-28T22:45:00Z,2026-06-28T23:00:00Z,no
KXBTC15M-26JUN270030-30,2026-06-27T04:15:00Z,2026-06-27T04:30:00Z,no
KXBTC15M-26JUN272245-45,2026-06-28T02:30:00Z,2026-06-28T02:45:00Z,yes
KXBTC15M-26JUN251530-30,2026-06-25T19:15:00Z,2026-06-25T19:30:00Z,yes
KXBTC15M-26JUN252245-45,2026-06-26T02:30:00Z,2026-06-26T02:45:00Z,no
KXBTC15M-26JUN281500-00,2026-06-28T18:45:00Z,2026-06-28T19:00:00Z,yes
KXBTC15M-26JUN271830-30,2026-06-27T22:15:00Z,2026-06-27T22:30:00Z,yes
KXBTC15M-26JUN301430-30,2026-06-30T18:15:00Z,2026-06-30T18:30:00Z,yes
KXBTC15M-26JUN271500-00,2026-06-27T18:45:00Z,2026-06-27T19:00:00Z,yes
KXBTC15M-26JUN262130-30,2026-06-27T01:15:00Z,2026-06-27T01:30:00Z,yes
KXBTC15M-26JUN291515-15,2026-06-29T19:00:00Z,2026-06-29T19:15:00Z,no
KXBTC15M-26JUN231430-30,2026-06-23T18:15:00Z,2026-06-23T18:30:00Z,no
KXBTC15M-26JUN291300-00,2026-06-29T16:45:00Z,2026-06-29T17:00:00Z,yes
KXBTC15M-26JUN261600-00,2026-06-26T19:45:00Z,2026-06-26T20:00:00Z,no
KXBTC15M-26JUN261930-30,2026-06-26T23:15:00Z,2026-06-26T23:30:00Z,no
KXBTC15M-26JUN251315-15,2026-06-25T17:00:00Z,2026-06-25T17:15:00Z,yes
KXBTC15M-26JUN230230-30,2026-06-23T06:15:00Z,2026-06-23T06:30:00Z,no
KXBTC15M-26JUN231530-30,2026-06-23T19:15:00Z,2026-06-23T19:30:00Z,yes
KXBTC15M-26JUN301200-00,2026-06-30T15:45:00Z,2026-06-30T16:00:00Z,no
KXBTC15M-26JUN271915-15,2026-06-27T23:00:00Z,2026-06-27T23:15:00Z,no
KXBTC15M-26JUN301145-45,2026-06-30T15:30:00Z,2026-06-30T15:45:00Z,yes
KXBTC15M-26JUN262015-15,2026-06-27T00:00:00Z,2026-06-27T00:15:00Z,yes
KXBTC15M-26JUN280000-00,2026-06-28T03:45:00Z,2026-06-28T04:00:00Z,yes
KXBTC15M-26JUN290900-00,2026-06-29T12:45:00Z,2026-06-29T13:00:00Z,yes
KXBTC15M-26JUN252015-15,2026-06-26T00:00:00Z,2026-06-26T00:15:00Z,yes
KXBTC15M-26JUN222200-00,2026-06-23T01:45:00Z,2026-06-23T02:00:00Z,yes
KXBTC15M-26JUN262345-45,2026-06-27T03:30:00Z,2026-06-27T03:45:00Z,yes
KXBTC15M-26JUN232300-00,2026-06-24T02:45:00Z,2026-06-24T03:00:00Z,no
KXBTC15M-26JUN292030-30,2026-06-30T00:15:00Z,2026-06-30T00:30:00Z,no
KXBTC15M-26JUN231145-45,2026-06-23T15:30:00Z,2026-06-23T15:45:00Z,yes
KXBTC15M-26JUN230215-15,2026-06-23T06:00:00Z,2026-06-23T06:15:00Z,no
KXBTC15M-26JUN281715-15,2026-06-28T21:00:00Z,2026-06-28T21:15:00Z,yes
KXBTC15M-26JUN231715-15,2026-06-23T21:00:00Z,2026-06-23T21:15:00Z,yes
KXBTC15M-26JUN301130-30,2026-06-30T15:15:00Z,2026-06-30T15:30:00Z,no
KXBTC15M-26JUN281245-45,2026-06-28T16:30:00Z,2026-06-28T16:45:00Z,no
KXBTC15M-26JUN291945-45,2026-06-29T23:30:00Z,2026-06-29T23:45:00Z,yes
KXBTC15M-26JUN231030-30,2026-06-23T14:15:00Z,2026-06-23T14:30:00Z,no
KXBTC15M-26JUN261615-15,2026-06-26T20:00:00Z,2026-06-26T20:15:00Z,no
KXBTC15M-26JUN281730-30,2026-06-28T21:15:00Z,2026-06-28T21:30:00Z,yes
KXBTC15M-26JUN292045-45,2026-06-30T00:30:00Z,2026-06-30T00:45:00Z,no
KXBTC15M-26JUN251215-15,2026-06-25T16:00:00Z,2026-06-25T16:15:00Z,yes
KXBTC15M-26JUN251915-15,2026-06-25T23:00:00Z,2026-06-25T23:15:00Z,yes
KXBTC15M-26JUN251345-45,2026-06-25T17:30:00Z,2026-06-25T17:45:00Z,yes
KXBTC15M-26JUN261400-00,2026-06-26T17:45:00Z,2026-06-26T18:00:00Z,no
KXBTC15M-26JUN231345-45,2026-06-23T17:30:00Z,2026-06-23T17:45:00Z,no
KXBTC15M-26JUN301115-15,2026-06-30T15:00:00Z,2026-06-30T15:15:00Z,no
KXBTC15M-26JUN262145-45,2026-06-27T01:30:00Z,2026-06-27T01:45:00Z,no
KXBTC15M-26JUN281445-45,2026-06-28T18:30:00Z,2026-06-28T18:45:00Z,no
KXBTC15M-26JUN231245-45,2026-06-23T16:30:00Z,2026-06-23T16:45:00Z,yes
KXBTC15M-26JUN231700-00,2026-06-23T20:45:00Z,2026-06-23T21:00:00Z,no
KXBTC15M-26JUN271345-45,2026-06-27T17:30:00Z,2026-06-27T17:45:00Z,yes
KXBTC15M-26JUN261230-30,2026-06-26T16:15:00Z,2026-06-26T16:30:00Z,no
KXBTC15M-26JUN301400-00,2026-06-30T17:45:00Z,2026-06-30T18:00:00Z,yes
KXBTC15M-26JUN301315-15,2026-06-30T17:00:00Z,2026-06-30T17:15:00Z,no
KXBTC15M-26JUN281330-30,2026-06-28T17:15:00Z,2026-06-28T17:30:00Z,no
KXBTC15M-26JUN252045-45,2026-06-26T00:30:00Z,2026-06-26T00:45:00Z,yes
KXBTC15M-26JUN231645-45,2026-06-23T20:30:00Z,2026-06-23T20:45:00Z,no
KXBTC15M-26JUN291130-30,2026-06-29T15:15:00Z,2026-06-29T15:30:00Z,yes
KXBTC15M-26JUN271045-45,2026-06-27T14:30:00Z,2026-06-27T14:45:00Z,yes
KXBTC15M-26JUN291400-00,2026-06-29T17:45:00Z,2026-06-29T18:00:00Z,no
KXBTC15M-26JUN261845-45,2026-06-26T22:30:00Z,2026-06-26T22:45:00Z,yes
KXBTC15M-26JUN262245-45,2026-06-27T02:30:00Z,2026-06-27T02:45:00Z,no
KXBTC15M-26JUN282115-15,2026-06-29T01:00:00Z,2026-06-29T01:15:00Z,no
KXBTC15M-26JUN291545-45,2026-06-29T19:30:00Z,2026-06-29T19:45:00Z,no
KXBTC15M-26JUN261215-15,2026-06-26T16:00:00Z,2026-06-26T16:15:00Z,no
KXBTC15M-26JUN222330-30,2026-06-23T03:15:00Z,2026-06-23T03:30:00Z,yes
KXBTC15M-26JUN301415-15,2026-06-30T18:00:00Z,2026-06-30T18:15:00Z,yes
KXBTC15M-26JUN271630-30,2026-06-27T20:15:00Z,2026-06-27T20:30:00Z,no
KXBTC15M-26JUN261945-45,2026-06-26T23:30:00Z,2026-06-26T23:45:00Z,yes
KXBTC15M-26JUN281745-45,2026-06-28T21:30:00Z,2026-06-28T21:45:00Z,no
KXBTC15M-26JUN251330-30,2026-06-25T17:15:00Z,2026-06-25T17:30:00Z,yes
KXBTC15M-26JUN251045-45,2026-06-25T14:30:00Z,2026-06-25T14:45:00Z,yes
KXBTC15M-26JUN230245-45,2026-06-23T06:30:00Z,2026-06-23T06:45:00Z,yes
KXBTC15M-26JUN261630-30,2026-06-26T20:15:00Z,2026-06-26T20:30:00Z,yes
KXBTC15M-26JUN271645-45,2026-06-27T20:30:00Z,2026-06-27T20:45:00Z,no
KXBTC15M-26JUN291215-15,2026-06-29T16:00:00Z,2026-06-29T16:15:00Z,no
KXBTC15M-26JUN261445-45,2026-06-26T18:30:00Z,2026-06-26T18:45:00Z,no
KXBTC15M-26JUN251230-30,2026-06-25T16:15:00Z,2026-06-25T16:30:00Z,no
KXBTC15M-26JUN251145-45,2026-06-25T15:30:00Z,2026-06-25T15:45:00Z,no
KXBTC15M-26JUN231200-00,2026-06-23T15:45:00Z,2026-06-23T16:00:00Z,yes
KXBTC15M-26JUN281600-00,2026-06-28T19:45:00Z,2026-06-28T20:00:00Z,yes
KXBTC15M-26JUN232215-15,2026-06-24T02:00:00Z,2026-06-24T02:15:00Z,no
KXBTC15M-26JUN252215-15,2026-06-26T02:00:00Z,2026-06-26T02:15:00Z,no
KXBTC15M-26JUN280215-15,2026-06-28T06:00:00Z,2026-06-28T06:15:00Z,no
KXBTC15M-26JUN232045-45,2026-06-24T00:30:00Z,2026-06-24T00:45:00Z,yes
KXBTC15M-26JUN251100-00,2026-06-25T14:45:00Z,2026-06-25T15:00:00Z,yes
KXBTC15M-26JUN291045-45,2026-06-29T14:30:00Z,2026-06-29T14:45:00Z,no
KXBTC15M-26JUN272330-30,2026-06-28T03:15:00Z,2026-06-28T03:30:00Z,yes
KXBTC15M-26JUN251415-15,2026-06-25T18:00:00Z,2026-06-25T18:15:00Z,no
KXBTC15M-26JUN252330-30,2026-06-26T03:15:00Z,2026-06-26T03:30:00Z,yes
KXBTC15M-26JUN231130-30,2026-06-23T15:15:00Z,2026-06-23T15:30:00Z,no
KXBTC15M-26JUN231845-45,2026-06-23T22:30:00Z,2026-06-23T22:45:00Z,no
KXBTC15M-26JUN300745-45,2026-06-30T11:30:00Z,2026-06-30T11:45:00Z,yes
KXBTC15M-26JUN231545-45,2026-06-23T19:30:00Z,2026-06-23T19:45:00Z,no
KXBTC15M-26JUN222245-45,2026-06-23T02:30:00Z,2026-06-23T02:45:00Z,yes
KXBTC15M-26JUN261115-15,2026-06-26T15:00:00Z,2026-06-26T15:15:00Z,yes
KXBTC15M-26JUN281345-45,2026-06-28T17:30:00Z,2026-06-28T17:45:00Z,no
KXBTC15M-26JUN271430-30,2026-06-27T18:15:00Z,2026-06-27T18:30:00Z,no
KXBTC15M-26JUN252100-00,2026-06-26T00:45:00Z,2026-06-26T01:00:00Z,no
KXBTC15M-26JUN300930-30,2026-06-30T13:15:00Z,2026-06-30T13:30:00Z,yes
KXBTC15M-26JUN291100-00,2026-06-29T14:45:00Z,2026-06-29T15:00:00Z,yes
KXBTC15M-26JUN222030-30,2026-06-23T00:15:00Z,2026-06-23T00:30:00Z,no
KXBTC15M-26JUN261645-45,2026-06-26T20:30:00Z,2026-06-26T20:45:00Z,no
KXBTC15M-26JUN230015-15,2026-06-23T04:00:00Z,2026-06-23T04:15:00Z,no
KXBTC15M-26JUN222015-15,2026-06-23T00:00:00Z,2026-06-23T00:15:00Z,no
KXBTC15M-26JUN261345-45,2026-06-26T17:30:00Z,2026-06-26T17:45:00Z,no
KXBTC15M-26JUN231215-15,2026-06-23T16:00:00Z,2026-06-23T16:15:00Z,yes
KXBTC15M-26JUN261700-00,2026-06-26T20:45:00Z,2026-06-26T21:00:00Z,yes
KXBTC15M-26JUN232015-15,2026-06-24T00:00:00Z,2026-06-24T00:15:00Z,yes
KXBTC15M-26JUN290945-45,2026-06-29T13:30:00Z,2026-06-29T13:45:00Z,no
KXBTC15M-26JUN300845-45,2026-06-30T12:30:00Z,2026-06-30T12:45:00Z,no
KXBTC15M-26JUN301045-45,2026-06-30T14:30:00Z,2026-06-30T14:45:00Z,no
KXBTC15M-26JUN252130-30,2026-06-26T01:15:00Z,2026-06-26T01:30:00Z,no
KXBTC15M-26JUN271415-15,2026-06-27T18:00:00Z,2026-06-27T18:15:00Z,no
KXBTC15M-26JUN251815-15,2026-06-25T22:00:00Z,2026-06-25T22:15:00Z,no
KXBTC15M-26JUN261015-15,2026-06-26T14:00:00Z,2026-06-26T14:15:00Z,no
KXBTC15M-26JUN301215-15,2026-06-30T16:00:00Z,2026-06-30T16:15:00Z,yes
KXBTC15M-26JUN281530-30,2026-06-28T19:15:00Z,2026-06-28T19:30:00Z,yes
KXBTC15M-26JUN230345-45,2026-06-23T07:30:00Z,2026-06-23T07:45:00Z,no
KXBTC15M-26JUN291530-30,2026-06-29T19:15:00Z,2026-06-29T19:30:00Z,yes
KXBTC15M-26JUN251300-00,2026-06-25T16:45:00Z,2026-06-25T17:00:00Z,yes
KXBTC15M-26JUN301000-00,2026-06-30T13:45:00Z,2026-06-30T14:00:00Z,yes
KXBTC15M-26JUN292100-00,2026-06-30T00:45:00Z,2026-06-30T01:00:00Z,yes
KXBTC15M-26JUN262315-15,2026-06-27T03:00:00Z,2026-06-27T03:15:00Z,no
KXBTC15M-26JUN251800-00,2026-06-25T21:45:00Z,2026-06-25T22:00:00Z,yes
KXBTC15M-26JUN231315-15,2026-06-23T17:00:00Z,2026-06-23T17:15:00Z,no
KXBTC15M-26JUN281930-30,2026-06-28T23:15:00Z,2026-06-28T23:30:00Z,yes
KXBTC15M-26JUN251945-45,2026-06-25T23:30:00Z,2026-06-25T23:45:00Z,no
KXBTC15M-26JUN282000-00,2026-06-28T23:45:00Z,2026-06-29T00:00:00Z,no
KXBTC15M-26JUN230900-00,2026-06-23T12:45:00Z,2026-06-23T13:00:00Z,no
KXBTC15M-26JUN222145-45,2026-06-23T01:30:00Z,2026-06-23T01:45:00Z,no
KXBTC15M-26JUN271800-00,2026-06-27T21:45:00Z,2026-06-27T22:00:00Z,no
KXBTC15M-26JUN222115-15,2026-06-23T01:00:00Z,2026-06-23T01:15:00Z,yes
KXBTC15M-26JUN271400-00,2026-06-27T17:45:00Z,2026-06-27T18:00:00Z,no
KXBTC15M-26JUN291230-30,2026-06-29T16:15:00Z,2026-06-29T16:30:00Z,no
KXBTC15M-26JUN301015-15,2026-06-30T14:00:00Z,2026-06-30T14:15:00Z,yes
KXBTC15M-26JUN281545-45,2026-06-28T19:30:00Z,2026-06-28T19:45:00Z,no
KXBTC15M-26JUN222315-15,2026-06-23T03:00:00Z,2026-06-23T03:15:00Z,no
KXBTC15M-26JUN281800-00,2026-06-28T21:45:00Z,2026-06-28T22:00:00Z,no
KXBTC15M-26JUN301230-30,2026-06-30T16:15:00Z,2026-06-30T16:30:00Z,no
KXBTC15M-26JUN272200-00,2026-06-28T01:45:00Z,2026-06-28T02:00:00Z,no
KXBTC15M-26JUN281700-00,2026-06-28T20:45:00Z,2026-06-28T21:00:00Z,no
KXBTC15M-26JUN251430-30,2026-06-25T18:15:00Z,2026-06-25T18:30:00Z,yes
KXBTC15M-26JUN301445-45,2026-06-30T18:30:00Z,2026-06-30T18:45:00Z,no
KXBTC15M-26JUN230945-45,2026-06-23T13:30:00Z,2026-06-23T13:45:00Z,yes
KXBTC15M-26JUN231230-30,2026-06-23T16:15:00Z,2026-06-23T16:30:00Z,no
KXBTC15M-26JUN261530-30,2026-06-26T19:15:00Z,2026-06-26T19:30:00Z,no
KXBTC15M-26JUN271845-45,2026-06-27T22:30:00Z,2026-06-27T22:45:00Z,yes
KXBTC15M-26JUN281415-15,2026-06-28T18:00:00Z,2026-06-28T18:15:00Z,yes
KXBTC15M-26JUN290815-15,2026-06-29T12:00:00Z,2026-06-29T12:15:00Z,yes
KXBTC15M-26JUN231015-15,2026-06-23T14:00:00Z,2026-06-23T14:15:00Z,yes
KXBTC15M-26JUN222230-30,2026-06-23T02:15:00Z,2026-06-23T02:30:00Z,yes
KXBTC15M-26JUN230315-15,2026-06-23T07:00:00Z,2026-06-23T07:15:00Z,yes
KXBTC15M-26JUN262200-00,2026-06-27T01:45:00Z,2026-06-27T02:00:00Z,no
KXBTC15M-26JUN291430-30,2026-06-29T18:15:00Z,2026-06-29T18:30:00Z,no
KXBTC15M-26JUN281845-45,2026-06-28T22:30:00Z,2026-06-28T22:45:00Z,no
KXBTC15M-26JUN231500-00,2026-06-23T18:45:00Z,2026-06-23T19:00:00Z,yes
KXBTC15M-26JUN261245-45,2026-06-26T16:30:00Z,2026-06-26T16:45:00Z,yes
KXBTC15M-26JUN261200-00,2026-06-26T15:45:00Z,2026-06-26T16:00:00Z,no
KXBTC15M-26JUN262215-15,2026-06-27T02:00:00Z,2026-06-27T02:15:00Z,yes
KXBTC15M-26JUN281630-30,2026-06-28T20:15:00Z,2026-06-28T20:30:00Z,yes
KXBTC15M-26JUN272015-15,2026-06-28T00:00:00Z,2026-06-28T00:15:00Z,yes
KXBTC15M-26JUN272145-45,2026-06-28T01:30:00Z,2026-06-28T01:45:00Z,yes
KXBTC15M-26JUN271245-45,2026-06-27T16:30:00Z,2026-06-27T16:45:00Z,yes
KXBTC15M-26JUN260845-45,2026-06-26T12:30:00Z,2026-06-26T12:45:00Z,no
KXBTC15M-26JUN271730-30,2026-06-27T21:15:00Z,2026-06-27T21:30:00Z,yes
KXBTC15M-26JUN231745-45,2026-06-23T21:30:00Z,2026-06-23T21:45:00Z,yes
KXBTC15M-26JUN251645-45,2026-06-25T20:30:00Z,2026-06-25T20:45:00Z,no
KXBTC15M-26JUN251730-30,2026-06-25T21:15:00Z,2026-06-25T21:30:00Z,yes
KXBTC15M-26JUN231615-15,2026-06-23T20:00:00Z,2026-06-23T20:15:00Z,yes
KXBTC15M-26JUN272230-30,2026-06-28T02:15:00Z,2026-06-28T02:30:00Z,no
KXBTC15M-26JUN251515-15,2026-06-25T19:00:00Z,2026-06-25T19:15:00Z,no
KXBTC15M-26JUN291030-30,2026-06-29T14:15:00Z,2026-06-29T14:30:00Z,yes
KXBTC15M-26JUN230915-15,2026-06-23T13:00:00Z,2026-06-23T13:15:00Z,no
KXBTC15M-26JUN231515-15,2026-06-23T19:00:00Z,2026-06-23T19:15:00Z,yes
KXBTC15M-26JUN271745-45,2026-06-27T21:30:00Z,2026-06-27T21:45:00Z,no
KXBTC15M-26JUN272045-45,2026-06-28T00:30:00Z,2026-06-28T00:45:00Z,no
KXBTC15M-26JUN291015-15,2026-06-29T14:00:00Z,2026-06-29T14:15:00Z,no
KXBTC15M-26JUN281945-45,2026-06-28T23:30:00Z,2026-06-28T23:45:00Z,yes
KXBTC15M-26JUN261515-15,2026-06-26T19:00:00Z,2026-06-26T19:15:00Z,yes
KXBTC15M-26JUN262230-30,2026-06-27T02:15:00Z,2026-06-27T02:30:00Z,yes
KXBTC15M-26JUN281830-30,2026-06-28T22:15:00Z,2026-06-28T22:30:00Z,no
KXBTC15M-26JUN230415-15,2026-06-23T08:00:00Z,2026-06-23T08:15:00Z,no
KXBTC15M-26JUN271900-00,2026-06-27T22:45:00Z,2026-06-27T23:00:00Z,yes
KXBTC15M-26JUN271815-15,2026-06-27T22:00:00Z,2026-06-27T22:15:00Z,no
KXBTC15M-26JUN292145-45,2026-06-30T01:30:00Z,2026-06-30T01:45:00Z,no
KXBTC15M-26JUN230100-00,2026-06-23T04:45:00Z,2026-06-23T05:00:00Z,no
KXBTC15M-26JUN270915-15,2026-06-27T13:00:00Z,2026-06-27T13:15:00Z,yes
KXBTC15M-26JUN262030-30,2026-06-27T00:15:00Z,2026-06-27T00:30:00Z,no
KXBTC15M-26JUN231115-15,2026-06-23T15:00:00Z,2026-06-23T15:15:00Z,no
KXBTC15M-26JUN272345-45,2026-06-28T03:30:00Z,2026-06-28T03:45:00Z,no
KXBTC15M-26JUN230845-45,2026-06-23T12:30:00Z,2026-06-23T12:45:00Z,no
KXBTC15M-26JUN292130-30,2026-06-30T01:15:00Z,2026-06-30T01:30:00Z,yes
KXBTC15M-26JUN231300-00,2026-06-23T16:45:00Z,2026-06-23T17:00:00Z,no
KXBTC15M-26JUN251615-15,2026-06-25T20:00:00Z,2026-06-25T20:15:00Z,yes
KXBTC15M-26JUN281615-15,2026-06-28T20:00:00Z,2026-06-28T20:15:00Z,yes
KXBTC15M-26JUN261130-30,2026-06-26T15:15:00Z,2026-06-26T15:30:00Z,yes
KXBTC15M-26JUN251700-00,2026-06-25T20:45:00Z,2026-06-25T21:00:00Z,no
KXBTC15M-26JUN291145-45,2026-06-29T15:30:00Z,2026-06-29T15:45:00Z,yes
KXBTC15M-26JUN251630-30,2026-06-25T20:15:00Z,2026-06-25T20:30:00Z,yes
KXBTC15M-26JUN262045-45,2026-06-27T00:30:00Z,2026-06-27T00:45:00Z,no
KXBTC15M-26JUN230830-30,2026-06-23T12:15:00Z,2026-06-23T12:30:00Z,no
KXBTC15M-26JUN300800-00,2026-06-30T11:45:00Z,2026-06-30T12:00:00Z,no
KXBTC15M-26JUN260930-30,2026-06-26T13:15:00Z,2026-06-26T13:30:00Z,no
KXBTC15M-26JUN281645-45,2026-06-28T20:30:00Z,2026-06-28T20:45:00Z,no
KXBTC15M-26JUN232345-45,2026-06-24T03:30:00Z,2026-06-24T03:45:00Z,yes
KXBTC15M-26JUN251445-45,2026-06-25T18:30:00Z,2026-06-25T18:45:00Z,no
KXBTC15M-26JUN270015-15,2026-06-27T04:00:00Z,2026-06-27T04:15:00Z,yes
KXBTC15M-26JUN281515-15,2026-06-28T19:00:00Z,2026-06-28T19:15:00Z,no
KXBTC15M-26JUN260430-30,2026-06-26T08:15:00Z,2026-06-26T08:30:00Z,yes
KXBTC15M-26JUN230930-30,2026-06-23T13:15:00Z,2026-06-23T13:30:00Z,no
KXBTC15M-26JUN230030-30,2026-06-23T04:15:00Z,2026-06-23T04:30:00Z,no
KXBTC15M-26JUN272300-00,2026-06-28T02:45:00Z,2026-06-28T03:00:00Z,yes
KXBTC15M-26JUN301100-00,2026-06-30T14:45:00Z,2026-06-30T15:00:00Z,no
KXBTC15M-26JUN291245-45,2026-06-29T16:30:00Z,2026-06-29T16:45:00Z,yes
KXBTC15M-26JUN291115-15,2026-06-29T15:00:00Z,2026-06-29T15:15:00Z,no
KXBTC15M-26JUN271700-00,2026-06-27T20:45:00Z,2026-06-27T21:00:00Z,yes
KXBTC15M-26JUN232230-30,2026-06-24T02:15:00Z,2026-06-24T02:30:00Z,no
KXBTC15M-26JUN272315-15,2026-06-28T03:00:00Z,2026-06-28T03:15:00Z,yes
KXBTC15M-26JUN260000-00,2026-06-26T03:45:00Z,2026-06-26T04:00:00Z,yes
KXBTC15M-26JUN291315-15,2026-06-29T17:00:00Z,2026-06-29T17:15:00Z,yes
KXBTC15M-26JUN260500-00,2026-06-26T08:45:00Z,2026-06-26T09:00:00Z,yes
KXBTC15M-26JUN272030-30,2026-06-28T00:15:00Z,2026-06-28T00:30:00Z,yes
KXBTC15M-26JUN300530-30,2026-06-30T09:15:00Z,2026-06-30T09:30:00Z,no
KXBTC15M-26JUN272115-15,2026-06-28T01:00:00Z,2026-06-28T01:15:00Z,no
KXBTC15M-26JUN301300-00,2026-06-30T16:45:00Z,2026-06-30T17:00:00Z,yes
KXBTC15M-26JUN251245-45,2026-06-25T16:30:00Z,2026-06-25T16:45:00Z,no
KXBTC15M-26JUN271445-45,2026-06-27T18:30:00Z,2026-06-27T18:45:00Z,yes
KXBTC15M-26JUN300445-45,2026-06-30T08:30:00Z,2026-06-30T08:45:00Z,no
KXBTC15M-26JUN252000-00,2026-06-25T23:45:00Z,2026-06-26T00:00:00Z,no
KXBTC15M-26JUN222045-45,2026-06-23T00:30:00Z,2026-06-23T00:45:00Z,yes
KXBTC15M-26JUN301500-00,2026-06-30T18:45:00Z,2026-06-30T19:00:00Z,yes
KXBTC15M-26JUN231445-45,2026-06-23T18:30:00Z,2026-06-23T18:45:00Z,no
KXBTC15M-26JUN271030-30,2026-06-27T14:15:00Z,2026-06-27T14:30:00Z,no
KXBTC15M-26JUN272215-15,2026-06-28T02:00:00Z,2026-06-28T02:15:00Z,yes
KXBTC15M-26JUN230815-15,2026-06-23T12:00:00Z,2026-06-23T12:15:00Z,no
KXBTC15M-26JUN251745-45,2026-06-25T21:30:00Z,2026-06-25T21:45:00Z,yes
KXBTC15M-26JUN262100-00,2026-06-27T00:45:00Z,2026-06-27T01:00:00Z,yes
KXBTC15M-26JUN260900-00,2026-06-26T12:45:00Z,2026-06-26T13:00:00Z,yes
KXBTC15M-26JUN290830-30,2026-06-29T12:15:00Z,2026-06-29T12:30:00Z,no
KXBTC15M-26JUN251015-15,2026-06-25T14:00:00Z,2026-06-25T14:15:00Z,yes
KXBTC15M-26JUN231330-30,2026-06-23T17:15:00Z,2026-06-23T17:30:00Z,yes
KXBTC15M-26JUN272130-30,2026-06-28T01:15:00Z,2026-06-28T01:30:00Z,yes
KXBTC15M-26JUN230430-30,2026-06-23T08:15:00Z,2026-06-23T08:30:00Z,no
KXBTC15M-26JUN230500-00,2026-06-23T08:45:00Z,2026-06-23T09:00:00Z,no
KXBTC15M-26JUN230715-15,2026-06-23T11:00:00Z,2026-06-23T11:15:00Z,yes
KXBTC15M-26JUN230515-15,2026-06-23T09:00:00Z,2026-06-23T09:15:00Z,yes
KXBTC15M-26JUN251715-15,2026-06-25T21:00:00Z,2026-06-25T21:15:00Z,yes
KXBTC15M-26JUN262330-30,2026-06-27T03:15:00Z,2026-06-27T03:30:00Z,yes
KXBTC15M-26JUN230600-00,2026-06-23T09:45:00Z,2026-06-23T10:00:00Z,yes
KXBTC15M-26JUN230800-00,2026-06-23T11:45:00Z,2026-06-23T12:00:00Z,no
KXBTC15M-26JUN230700-00,2026-06-23T10:45:00Z,2026-06-23T11:00:00Z,yes
KXBTC15M-26JUN290845-45,2026-06-29T12:30:00Z,2026-06-29T12:45:00Z,no
KXBTC15M-26JUN230745-45,2026-06-23T11:30:00Z,2026-06-23T11:45:00Z,yes
KXBTC15M-26JUN230045-45,2026-06-23T04:30:00Z,2026-06-23T04:45:00Z,no
KXBTC15M-26JUN230615-15,2026-06-23T10:00:00Z,2026-06-23T10:15:00Z,yes
KXBTC15M-26JUN230445-45,2026-06-23T08:30:00Z,2026-06-23T08:45:00Z,yes
KXBTC15M-26JUN230545-45,2026-06-23T09:30:00Z,2026-06-23T09:45:00Z,no
KXBTC15M-26JUN230645-45,2026-06-23T10:30:00Z,2026-06-23T10:45:00Z,no
KXBTC15M-26JUN230730-30,2026-06-23T11:15:00Z,2026-06-23T11:30:00Z,yes
KXBTC15M-26JUN230530-30,2026-06-23T09:15:00Z,2026-06-23T09:30:00Z,yes
KXBTC15M-26JUN230630-30,2026-06-23T10:15:00Z,2026-06-23T10:30:00Z,no
KXBTC15M-26JUN230000-00,2026-06-23T03:45:00Z,2026-06-23T04:00:00Z,yes
KXBTC15M-26JUN222345-45,2026-06-23T03:30:00Z,2026-06-23T03:45:00Z,no
